,COD_ASC,SEZIONE,NOME_QUARTIERE
0,4f,1,Casal Boccone
1,1e,2,Esquilino
2,1e,3,Esquilino
3,1e,4,Esquilino
4,1e,5,Esquilino
5,1e,6,Esquilino
6,1e,7,Esquilino
7,1e,8,Esquilino
8,1e,9,Esquilino
9,1e,10,Esquilino
10,1e,11,Esquilino
11,1e,12,Esquilino
12,1e,13,Esquilino
13,1e,14,Esquilino
14,1e,15,Esquilino
15,1e,16,Esquilino
16,1e,17,Esquilino
17,1f,18,XX Settembre
18,1f,19,XX Settembre
19,1f,20,XX Settembre
20,1f,21,XX Settembre
21,1f,22,XX Settembre
22,1f,23,XX Settembre
23,1f,24,XX Settembre
24,4e,25,Serpentara
25,1e,26,Esquilino
26,1e,27,Esquilino
27,3x,28,Università 
28,3a,29,Nomentano
29,3a,30,Nomentano
30,3a,31,Nomentano
31,3a,32,Nomentano
32,3a,33,Nomentano
33,3a,34,Nomentano
34,3a,35,Nomentano
35,3a,36,Nomentano
36,4f,37,Casal Boccone
37,3a,38,Nomentano
38,3a,39,Nomentano
39,3a,40,Nomentano
40,3a,41,Nomentano
41,3x,42,Università 
42,3a,43,Nomentano
43,3a,44,Nomentano
44,3a,45,Nomentano
45,3a,46,Nomentano
46,3a,47,Nomentano
47,3a,48,Nomentano
48,3a,49,Nomentano
49,3a,50,Nomentano
50,3a,51,Nomentano
51,3a,52,Nomentano
52,3a,53,Nomentano
53,3a,54,Nomentano
54,3a,55,Nomentano
55,3a,56,Nomentano
56,3a,57,Nomentano
57,3a,58,Nomentano
58,3a,59,Nomentano
59,3a,60,Nomentano
60,3a,61,Nomentano
61,3a,62,Nomentano
62,3a,63,Nomentano
63,3a,64,Nomentano
64,3a,65,Nomentano
65,3a,66,Nomentano
66,4h,67,Sacco Pastore
67,4h,68,Sacco Pastore
68,4g,69,Conca d'Oro
69,4h,70,Sacco Pastore
70,4h,71,Sacco Pastore
71,4h,72,Sacco Pastore
72,4a,73,Monte Sacro
73,4a,74,Monte Sacro
74,4a,75,Monte Sacro
75,4a,76,Monte Sacro
76,4a,77,Monte Sacro
77,4h,78,Sacco Pastore
78,4h,79,Sacco Pastore
79,4h,80,Sacco Pastore
80,4a,81,Monte Sacro
81,4a,82,Monte Sacro
82,4a,83,Monte Sacro
83,4h,84,Sacco Pastore
84,4g,85,Conca d'Oro
85,4a,86,Monte Sacro
86,4a,87,Monte Sacro
87,4a,88,Monte Sacro
88,4i,89,Tufello
89,4i,90,Tufello
90,4a,91,Monte Sacro
91,4a,92,Monte Sacro
92,4g,93,Conca d'Oro
93,4g,94,Conca d'Oro
94,4g,95,Conca d'Oro
95,4g,96,Conca d'Oro
96,4g,97,Conca d'Oro
97,4g,98,Conca d'Oro
98,4g,99,Conca d'Oro
99,4g,100,Conca d'Oro
100,4g,101,Conca d'Oro
101,4g,102,Conca d'Oro
102,4g,103,Conca d'Oro
103,4g,104,Conca d'Oro
104,4g,105,Conca d'Oro
105,4g,106,Conca d'Oro
106,4g,107,Conca d'Oro
107,4g,108,Conca d'Oro
108,4i,109,Tufello
109,4i,110,Tufello
110,4i,111,Tufello
111,4i,112,Tufello
112,4i,113,Tufello
113,4e,114,Serpentara
114,4i,115,Tufello
115,4i,116,Tufello
116,4i,117,Tufello
117,4i,118,Tufello
118,4i,119,Tufello
119,2d,120,Salario
120,2d,121,Salario
121,2d,122,Salario
122,2d,123,Salario
123,2d,124,Salario
124,2e,125,Trieste
125,2e,126,Trieste
126,2e,127,Trieste
127,2e,128,Trieste
128,2e,129,Trieste
129,2d,130,Salario
130,2d,131,Salario
131,2e,132,Trieste
132,2e,133,Trieste
133,2d,134,Salario
134,2e,135,Trieste
135,2e,136,Trieste
136,2e,137,Trieste
137,2e,138,Trieste
138,2e,139,Trieste
139,2e,140,Trieste
140,2e,141,Trieste
141,2e,142,Trieste
142,2e,143,Trieste
143,2e,144,Trieste
144,2e,145,Trieste
145,2e,146,Trieste
146,2e,147,Trieste
147,2e,148,Trieste
148,2e,149,Trieste
149,2e,150,Trieste
150,2e,151,Trieste
151,2e,152,Trieste
152,2e,153,Trieste
153,2e,154,Trieste
154,2e,155,Trieste
155,2e,156,Trieste
156,2e,157,Trieste
157,2e,158,Trieste
158,2e,159,Trieste
159,2e,160,Trieste
160,2e,161,Trieste
161,2e,162,Trieste
162,2e,163,Trieste
163,4h,164,Sacco Pastore
164,2e,165,Trieste
165,2e,166,Trieste
166,2e,167,Trieste
167,2e,168,Trieste
168,2e,169,Trieste
169,2e,170,Trieste
170,2e,171,Trieste
171,3a,172,Nomentano
172,5g,173,Pietralata
173,5c,174,Tiburtino Nord
174,5c,175,Tiburtino Nord
175,5g,176,Pietralata
176,5g,177,Pietralata
177,5g,178,Pietralata
178,5g,179,Pietralata
179,5g,180,Pietralata
180,5g,181,Pietralata
181,5g,182,Pietralata
182,5c,183,Tiburtino Nord
183,5g,184,Pietralata
184,5c,185,Tiburtino Nord
185,5c,186,Tiburtino Nord
186,5g,187,Pietralata
187,5g,188,Pietralata
188,5g,189,Pietralata
189,5g,190,Pietralata
190,5c,191,Tiburtino Nord
191,5c,192,Tiburtino Nord
192,5c,193,Tiburtino Nord
193,5c,194,Tiburtino Nord
194,5c,195,Tiburtino Nord
195,5c,196,Tiburtino Nord
196,5c,197,Tiburtino Nord
197,5c,198,Tiburtino Nord
198,5c,199,Tiburtino Nord
199,5c,200,Tiburtino Nord
200,5c,201,Tiburtino Nord
201,5c,202,Tiburtino Nord
202,5c,203,Tiburtino Nord
203,5c,204,Tiburtino Nord
204,5c,205,Tiburtino Nord
205,5c,206,Tiburtino Nord
206,4c,207,Monte Sacro Alto
207,4c,208,Monte Sacro Alto
208,4c,209,Monte Sacro Alto
209,4c,210,Monte Sacro Alto
210,4c,211,Monte Sacro Alto
211,4c,212,Monte Sacro Alto
212,4c,213,Monte Sacro Alto
213,4c,214,Monte Sacro Alto
214,4c,215,Monte Sacro Alto
215,4c,216,Monte Sacro Alto
216,4c,217,Monte Sacro Alto
217,4c,218,Monte Sacro Alto
218,4c,219,Monte Sacro Alto
219,4c,220,Monte Sacro Alto
220,4c,221,Monte Sacro Alto
221,4c,222,Monte Sacro Alto
222,4c,223,Monte Sacro Alto
223,4c,224,Monte Sacro Alto
224,4c,225,Monte Sacro Alto
225,4c,226,Monte Sacro Alto
226,4c,227,Monte Sacro Alto
227,4c,228,Monte Sacro Alto
228,4c,229,Monte Sacro Alto
229,4c,230,Monte Sacro Alto
230,4c,231,Monte Sacro Alto
231,4c,232,Monte Sacro Alto
232,4c,233,Monte Sacro Alto
233,4c,234,Monte Sacro Alto
234,4c,235,Monte Sacro Alto
235,5h,236,Casal de' Pazzi
236,4a,237,Monte Sacro
237,5h,238,Casal de' Pazzi
238,5h,239,Casal de' Pazzi
239,5h,240,Casal de' Pazzi
240,5h,241,Casal de' Pazzi
241,5h,242,Casal de' Pazzi
242,5h,243,Casal de' Pazzi
243,5h,244,Casal de' Pazzi
244,5h,245,Casal de' Pazzi
245,5h,246,Casal de' Pazzi
246,5h,247,Casal de' Pazzi
247,5h,248,Casal de' Pazzi
248,5h,249,Casal de' Pazzi
249,5h,250,Casal de' Pazzi
250,5h,251,Casal de' Pazzi
251,5h,252,Casal de' Pazzi
252,5h,253,Casal de' Pazzi
253,5h,254,Casal de' Pazzi
254,5h,255,Casal de' Pazzi
255,5h,256,Casal de' Pazzi
256,5h,257,Casal de' Pazzi
257,5h,258,Casal de' Pazzi
258,5h,259,Casal de' Pazzi
259,5h,260,Casal de' Pazzi
260,5e,261,S. Basilio
261,5e,262,S. Basilio
262,5e,263,S. Basilio
263,4e,264,Serpentara
264,5e,265,S. Basilio
265,5e,266,S. Basilio
266,5e,267,S. Basilio
267,5e,268,S. Basilio
268,5e,269,S. Basilio
269,5e,270,S. Basilio
270,5e,271,S. Basilio
271,5e,272,S. Basilio
272,5e,273,S. Basilio
273,5e,274,S. Basilio
274,5e,275,S. Basilio
275,5e,276,S. Basilio
276,5e,277,S. Basilio
277,5e,278,S. Basilio
278,5e,279,S. Basilio
279,5e,280,S. Basilio
280,5e,281,S. Basilio
281,5e,282,S. Basilio
282,5e,283,S. Basilio
283,5e,284,S. Basilio
284,4b,285,Val Melaina
285,4b,286,Val Melaina
286,4b,287,Val Melaina
287,4b,288,Val Melaina
288,4b,289,Val Melaina
289,4b,290,Val Melaina
290,4b,291,Val Melaina
291,4b,292,Val Melaina
292,4l,293,Aeropoprto dell' Urbe
293,4b,294,Val Melaina
294,4b,295,Val Melaina
295,4b,296,Val Melaina
296,4b,297,Val Melaina
297,4e,298,Serpentara
298,4b,299,Val Melaina
299,4b,300,Val Melaina
300,4b,301,Val Melaina
301,4b,302,Val Melaina
302,4b,303,Val Melaina
303,4b,304,Val Melaina
304,4b,305,Val Melaina
305,4b,306,Val Melaina
306,4b,307,Val Melaina
307,4b,308,Val Melaina
308,4b,309,Val Melaina
309,4b,310,Val Melaina
310,13i,311,Infernetto
311,4b,312,Val Melaina
312,4b,313,Val Melaina
313,13i,314,Infernetto
314,4b,315,Val Melaina
315,4b,316,Val Melaina
316,4b,317,Val Melaina
317,4b,318,Val Melaina
318,4b,319,Val Melaina
319,4b,320,Val Melaina
320,4b,321,Val Melaina
321,4l,322,Aeropoprto dell' Urbe
322,4l,323,Aeropoprto dell' Urbe
323,4l,324,Aeropoprto dell' Urbe
324,4n,325,Bufalotta
325,4e,326,Serpentara
326,4d,327,Fidene
327,4e,328,Serpentara
328,4e,329,Serpentara
329,4e,330,Serpentara
330,4e,331,Serpentara
331,4d,332,Fidene
332,4d,333,Fidene
333,4d,334,Fidene
334,4d,335,Fidene
335,4d,336,Fidene
336,4d,337,Fidene
337,4d,338,Fidene
338,4e,339,Serpentara
339,4e,340,Serpentara
340,4e,341,Serpentara
341,4e,342,Serpentara
342,4e,343,Serpentara
343,4e,344,Serpentara
344,4e,345,Serpentara
345,4e,346,Serpentara
346,4e,347,Serpentara
347,4e,348,Serpentara
348,4e,349,Serpentara
349,4e,350,Serpentara
350,4e,351,Serpentara
351,4e,352,Serpentara
352,4e,353,Serpentara
353,4e,354,Serpentara
354,4e,355,Serpentara
355,4o,356,Tor S. Giovanni
356,4m,357,Settebagni
357,4m,358,Settebagni
358,4m,359,Settebagni
359,4o,360,Tor S. Giovanni
360,4f,361,Casal Boccone
361,4f,362,Casal Boccone
362,4f,363,Casal Boccone
363,4c,364,Monte Sacro Alto
364,4f,365,Casal Boccone
365,4b,366,Val Melaina
366,4f,367,Casal Boccone
367,4f,368,Casal Boccone
368,4e,369,Serpentara
369,4f,370,Casal Boccone
370,4e,371,Serpentara
371,4n,372,Bufalotta
372,4n,373,Bufalotta
373,4n,374,Bufalotta
374,4o,375,Tor S. Giovanni
375,5i,376,S. Alessandro
376,5i,377,S. Alessandro
377,5i,378,S. Alessandro
378,5i,379,S. Alessandro
379,5i,380,S. Alessandro
380,5l,381,Settecamini
381,5l,382,Settecamini
382,5l,383,Settecamini
383,5l,384,Settecamini
384,5i,385,S. Alessandro
385,5l,386,Settecamini
386,5l,387,Settecamini
387,5l,388,Settecamini
388,5l,389,Settecamini
389,5l,390,Settecamini
390,3x,391,Università 
391,3b,392,S. Lorenzo
392,3b,393,S. Lorenzo
393,3b,394,S. Lorenzo
394,3b,395,S. Lorenzo
395,3b,396,S. Lorenzo
396,3b,397,S. Lorenzo
397,3y,398,Verano
398,3b,399,S. Lorenzo
399,3b,400,S. Lorenzo
400,3y,401,Verano
401,5a,402,Casal Bertone
402,5a,403,Casal Bertone
403,5a,404,Casal Bertone
404,5a,405,Casal Bertone
405,5a,406,Casal Bertone
406,5a,407,Casal Bertone
407,5a,408,Casal Bertone
408,5a,409,Casal Bertone
409,5a,410,Casal Bertone
410,5a,411,Casal Bertone
411,6a,412,Torpignattara
412,6a,413,Torpignattara
413,6a,414,Torpignattara
414,6a,415,Torpignattara
415,6a,416,Torpignattara
416,6a,417,Torpignattara
417,6a,418,Torpignattara
418,6a,419,Torpignattara
419,6a,420,Torpignattara
420,6a,421,Torpignattara
421,6a,422,Torpignattara
422,6a,423,Torpignattara
423,6a,424,Torpignattara
424,6a,425,Torpignattara
425,6a,426,Torpignattara
426,6a,427,Torpignattara
427,6a,428,Torpignattara
428,6a,429,Torpignattara
429,6a,430,Torpignattara
430,6a,431,Torpignattara
431,6a,432,Torpignattara
432,6a,433,Torpignattara
433,6a,434,Torpignattara
434,6a,435,Torpignattara
435,6a,436,Torpignattara
436,6a,437,Torpignattara
437,6a,438,Torpignattara
438,6a,439,Torpignattara
439,6a,440,Torpignattara
440,6a,441,Torpignattara
441,6a,442,Torpignattara
442,6a,443,Torpignattara
443,6a,444,Torpignattara
444,6a,445,Torpignattara
445,6a,446,Torpignattara
446,6b,447,Casilino
447,6a,448,Torpignattara
448,5l,449,Settecamini
449,6b,450,Casilino
450,6a,451,Torpignattara
451,6a,452,Torpignattara
452,6a,453,Torpignattara
453,6a,454,Torpignattara
454,6d,455,Gordiani
455,6d,456,Gordiani
456,6d,457,Gordiani
457,6d,458,Gordiani
458,6d,459,Gordiani
459,6b,460,Casilino
460,6b,461,Casilino
461,6d,462,Gordiani
462,6d,463,Gordiani
463,6d,464,Gordiani
464,6b,465,Casilino
465,6d,466,Gordiani
466,6d,467,Gordiani
467,6d,468,Gordiani
468,6d,469,Gordiani
469,6b,470,Casilino
470,6b,471,Casilino
471,6b,472,Casilino
472,6b,473,Casilino
473,6b,474,Casilino
474,6b,475,Casilino
475,6b,476,Casilino
476,8e,477,Lunghezza
477,6b,478,Casilino
478,6b,479,Casilino
479,7a,480,Centocelle
480,7a,481,Centocelle
481,7a,482,Centocelle
482,7a,483,Centocelle
483,7a,484,Centocelle
484,7a,485,Centocelle
485,7a,486,Centocelle
486,7a,487,Centocelle
487,7a,488,Centocelle
488,7a,489,Centocelle
489,7a,490,Centocelle
490,8e,491,Lunghezza
491,7a,492,Centocelle
492,7a,493,Centocelle
493,7a,494,Centocelle
494,7a,495,Centocelle
495,7a,496,Centocelle
496,7a,497,Centocelle
497,8e,498,Lunghezza
498,7a,499,Centocelle
499,7a,500,Centocelle
500,7a,501,Centocelle
501,7a,502,Centocelle
502,7a,503,Centocelle
503,7a,504,Centocelle
504,7a,505,Centocelle
505,7a,506,Centocelle
506,7g,507,Centro Direzionale Centocelle
507,7a,508,Centocelle
508,7a,509,Centocelle
509,8g,510,Borghesiana
510,7a,511,Centocelle
511,8d,512,Acqua Vergine
512,15g,513,Ponte Galeria
513,7a,514,Centocelle
514,8d,515,Acqua Vergine
515,7a,516,Centocelle
516,7a,517,Centocelle
517,7a,518,Centocelle
518,8h,519,S. Vittorino
519,7a,520,Centocelle
520,8h,521,S. Vittorino
521,7a,522,Centocelle
522,8d,523,Acqua Vergine
523,7a,524,Centocelle
524,7a,525,Centocelle
525,7a,526,Centocelle
526,7a,527,Centocelle
527,7a,528,Centocelle
528,7a,529,Centocelle
529,7a,530,Centocelle
530,7a,531,Centocelle
531,7a,532,Centocelle
532,7a,533,Centocelle
533,8g,534,Borghesiana
534,7a,535,Centocelle
535,7a,536,Centocelle
536,5a,537,Casal Bertone
537,5a,538,Casal Bertone
538,5a,539,Casal Bertone
539,5a,540,Casal Bertone
540,5a,541,Casal Bertone
541,5b,542,Casal Bruciato
542,5b,543,Casal Bruciato
543,5b,544,Casal Bruciato
544,5b,545,Casal Bruciato
545,5b,546,Casal Bruciato
546,5b,547,Casal Bruciato
547,5b,548,Casal Bruciato
548,5b,549,Casal Bruciato
549,5b,550,Casal Bruciato
550,5b,551,Casal Bruciato
551,5b,552,Casal Bruciato
552,5b,553,Casal Bruciato
553,5b,554,Casal Bruciato
554,5b,555,Casal Bruciato
555,5b,556,Casal Bruciato
556,5b,557,Casal Bruciato
557,5b,558,Casal Bruciato
558,5b,559,Casal Bruciato
559,5b,560,Casal Bruciato
560,5b,561,Casal Bruciato
561,5b,562,Casal Bruciato
562,5b,563,Casal Bruciato
563,5d,564,Tiburtino Sud
564,5d,565,Tiburtino Sud
565,5d,566,Tiburtino Sud
566,5d,567,Tiburtino Sud
567,5d,568,Tiburtino Sud
568,5d,569,Tiburtino Sud
569,5b,570,Casal Bruciato
570,5d,571,Tiburtino Sud
571,5d,572,Tiburtino Sud
572,5d,573,Tiburtino Sud
573,5d,574,Tiburtino Sud
574,5d,575,Tiburtino Sud
575,5d,576,Tiburtino Sud
576,20l,577,Prima Porta
577,6d,578,Gordiani
578,6d,579,Gordiani
579,6d,580,Gordiani
580,6d,581,Gordiani
581,6d,582,Gordiani
582,6d,583,Gordiani
583,6d,584,Gordiani
584,6d,585,Gordiani
585,6d,586,Gordiani
586,6d,587,Gordiani
587,6d,588,Gordiani
588,6d,589,Gordiani
589,6d,590,Gordiani
590,6d,591,Gordiani
591,6d,592,Gordiani
592,6d,593,Gordiani
593,6d,594,Gordiani
594,12f,595,Mezzocammino
595,6d,596,Gordiani
596,6d,597,Gordiani
597,6d,598,Gordiani
598,6d,599,Gordiani
599,6d,600,Gordiani
600,6d,601,Gordiani
601,6d,602,Gordiani
602,6d,603,Gordiani
603,7b,604,Alessandrina
604,7b,605,Alessandrina
605,7b,606,Alessandrina
606,7b,607,Alessandrina
607,7b,608,Alessandrina
608,7b,609,Alessandrina
609,7b,610,Alessandrina
610,7b,611,Alessandrina
611,7b,612,Alessandrina
612,7b,613,Alessandrina
613,7b,614,Alessandrina
614,7b,615,Alessandrina
615,8e,616,Lunghezza
616,7b,617,Alessandrina
617,8a,618,Torrespaccata
618,7b,619,Alessandrina
619,7b,620,Alessandrina
620,7b,621,Alessandrina
621,7b,622,Alessandrina
622,7b,623,Alessandrina
623,7b,624,Alessandrina
624,7b,625,Alessandrina
625,7b,626,Alessandrina
626,8e,627,Lunghezza
627,7b,628,Alessandrina
628,7b,629,Alessandrina
629,7b,630,Alessandrina
630,7e,631,Tor Tre Teste
631,7e,632,Tor Tre Teste
632,7e,633,Tor Tre Teste
633,7e,634,Tor Tre Teste
634,7f,635,Casetta Mistica
635,7e,636,Tor Tre Teste
636,7e,637,Tor Tre Teste
637,7e,638,Tor Tre Teste
638,7e,639,Tor Tre Teste
639,7e,640,Tor Tre Teste
640,7e,641,Tor Tre Teste
641,7e,642,Tor Tre Teste
642,7e,643,Tor Tre Teste
643,5d,644,Tiburtino Sud
644,5d,645,Tiburtino Sud
645,5d,646,Tiburtino Sud
646,5d,647,Tiburtino Sud
647,5d,648,Tiburtino Sud
648,5d,649,Tiburtino Sud
649,5d,650,Tiburtino Sud
650,5d,651,Tiburtino Sud
651,5d,652,Tiburtino Sud
652,5d,653,Tiburtino Sud
653,5d,654,Tiburtino Sud
654,5f,655,Tor Cervara
655,5f,656,Tor Cervara
656,7b,657,Alessandrina
657,7c,658,Tor Sapienza
658,7c,659,Tor Sapienza
659,7c,660,Tor Sapienza
660,7c,661,Tor Sapienza
661,7c,662,Tor Sapienza
662,7c,663,Tor Sapienza
663,7c,664,Tor Sapienza
664,7c,665,Tor Sapienza
665,7c,666,Tor Sapienza
666,7c,667,Tor Sapienza
667,7h,668,Omo
668,7h,669,Omo
669,7d,670,La Rustica
670,7d,671,La Rustica
671,7d,672,La Rustica
672,7d,673,La Rustica
673,7d,674,La Rustica
674,7d,675,La Rustica
675,5f,676,Tor Cervara
676,8d,677,Acqua Vergine
677,8d,678,Acqua Vergine
678,8e,679,Lunghezza
679,8e,680,Lunghezza
680,8e,681,Lunghezza
681,8e,682,Lunghezza
682,8e,683,Lunghezza
683,8e,684,Lunghezza
684,8e,685,Lunghezza
685,8e,686,Lunghezza
686,8e,687,Lunghezza
687,8e,688,Lunghezza
688,8e,689,Lunghezza
689,8h,690,S. Vittorino
690,8h,691,S. Vittorino
691,8h,692,S. Vittorino
692,8h,693,S. Vittorino
693,8h,694,S. Vittorino
694,8h,695,S. Vittorino
695,7f,696,Casetta Mistica
696,8b,697,Torre Maura
697,8b,698,Torre Maura
698,8b,699,Torre Maura
699,8b,700,Torre Maura
700,8b,701,Torre Maura
701,8b,702,Torre Maura
702,8b,703,Torre Maura
703,8b,704,Torre Maura
704,8b,705,Torre Maura
705,8b,706,Torre Maura
706,8b,707,Torre Maura
707,8b,708,Torre Maura
708,8f,709,Torre Angela
709,8f,710,Torre Angela
710,8f,711,Torre Angela
711,8f,712,Torre Angela
712,8f,713,Torre Angela
713,8f,714,Torre Angela
714,8f,715,Torre Angela
715,8f,716,Torre Angela
716,8f,717,Torre Angela
717,8f,718,Torre Angela
718,8f,719,Torre Angela
719,8f,720,Torre Angela
720,8f,721,Torre Angela
721,8f,722,Torre Angela
722,8f,723,Torre Angela
723,8f,724,Torre Angela
724,8f,725,Torre Angela
725,8f,726,Torre Angela
726,8f,727,Torre Angela
727,8f,728,Torre Angela
728,8f,729,Torre Angela
729,8f,730,Torre Angela
730,8f,731,Torre Angela
731,8f,732,Torre Angela
732,8f,733,Torre Angela
733,8f,734,Torre Angela
734,8f,735,Torre Angela
735,8f,736,Torre Angela
736,8f,737,Torre Angela
737,8f,738,Torre Angela
738,8f,739,Torre Angela
739,8f,740,Torre Angela
740,8f,741,Torre Angela
741,8f,742,Torre Angela
742,8g,743,Borghesiana
743,8f,744,Torre Angela
744,8f,745,Torre Angela
745,8f,746,Torre Angela
746,8f,747,Torre Angela
747,8f,748,Torre Angela
748,8f,749,Torre Angela
749,8f,750,Torre Angela
750,8f,751,Torre Angela
751,8f,752,Torre Angela
752,8f,753,Torre Angela
753,8f,754,Torre Angela
754,8f,755,Torre Angela
755,8f,756,Torre Angela
756,8f,757,Torre Angela
757,8f,758,Torre Angela
758,8f,759,Torre Angela
759,8f,760,Torre Angela
760,8f,761,Torre Angela
761,8f,762,Torre Angela
762,8f,763,Torre Angela
763,8f,764,Torre Angela
764,8g,765,Borghesiana
765,8f,766,Torre Angela
766,8g,767,Borghesiana
767,8g,768,Borghesiana
768,8f,769,Torre Angela
769,8f,770,Torre Angela
770,8f,771,Torre Angela
771,8d,772,Acqua Vergine
772,8f,773,Torre Angela
773,8f,774,Torre Angela
774,8g,775,Borghesiana
775,8g,776,Borghesiana
776,8g,777,Borghesiana
777,8g,778,Borghesiana
778,8g,779,Borghesiana
779,8g,780,Borghesiana
780,8g,781,Borghesiana
781,8g,782,Borghesiana
782,8g,783,Borghesiana
783,8g,784,Borghesiana
784,8g,785,Borghesiana
785,8g,786,Borghesiana
786,8g,787,Borghesiana
787,8g,788,Borghesiana
788,8g,789,Borghesiana
789,8g,790,Borghesiana
790,8g,791,Borghesiana
791,8g,792,Borghesiana
792,8g,793,Borghesiana
793,8g,794,Borghesiana
794,8g,795,Borghesiana
795,8g,796,Borghesiana
796,8g,797,Borghesiana
797,8g,798,Borghesiana
798,8g,799,Borghesiana
799,8g,800,Borghesiana
800,8g,801,Borghesiana
801,8g,802,Borghesiana
802,8c,803,Giardinetti-Tor Vergata
803,8c,804,Giardinetti-Tor Vergata
804,8c,805,Giardinetti-Tor Vergata
805,8c,806,Giardinetti-Tor Vergata
806,8c,807,Giardinetti-Tor Vergata
807,8c,808,Giardinetti-Tor Vergata
808,8c,809,Giardinetti-Tor Vergata
809,8c,810,Giardinetti-Tor Vergata
810,8c,811,Giardinetti-Tor Vergata
811,8c,812,Giardinetti-Tor Vergata
812,8c,813,Giardinetti-Tor Vergata
813,8c,814,Giardinetti-Tor Vergata
814,8c,815,Giardinetti-Tor Vergata
815,8c,816,Giardinetti-Tor Vergata
816,8c,817,Giardinetti-Tor Vergata
817,8c,818,Giardinetti-Tor Vergata
818,8c,819,Giardinetti-Tor Vergata
819,8f,820,Torre Angela
820,8f,821,Torre Angela
821,8f,822,Torre Angela
822,8c,823,Giardinetti-Tor Vergata
823,8c,824,Giardinetti-Tor Vergata
824,8f,825,Torre Angela
825,8f,826,Torre Angela
826,8f,827,Torre Angela
827,1e,828,Esquilino
828,1e,829,Esquilino
829,1e,830,Esquilino
830,1e,831,Esquilino
831,1e,832,Esquilino
832,1e,833,Esquilino
833,1e,834,Esquilino
834,1e,835,Esquilino
835,1e,836,Esquilino
836,1e,837,Esquilino
837,1e,838,Esquilino
838,1g,839,Celio
839,1x,840,Zona Archeologica
840,1g,841,Celio
841,13a,842,Malafede
842,1c,843,Aventino
843,10i,844,Barcaccia
844,1c,845,Aventino
845,1x,846,Zona Archeologica
846,1x,847,Zona Archeologica
847,10l,848,Morena
848,12h,849,Vallerano Castel di Leva
849,12h,850,Vallerano Castel di Leva
850,1c,851,Aventino
851,1c,852,Aventino
852,1x,853,Zona Archeologica
853,9a,854,Tuscolano Nord
854,9a,855,Tuscolano Nord
855,4n,856,Bufalotta
856,9a,857,Tuscolano Nord
857,9a,858,Tuscolano Nord
858,9a,859,Tuscolano Nord
859,9a,860,Tuscolano Nord
860,9a,861,Tuscolano Nord
861,10i,862,Barcaccia
862,9b,863,Tuscolano Sud
863,9a,864,Tuscolano Nord
864,9a,865,Tuscolano Nord
865,9a,866,Tuscolano Nord
866,9a,867,Tuscolano Nord
867,9a,868,Tuscolano Nord
868,9a,869,Tuscolano Nord
869,9a,870,Tuscolano Nord
870,9a,871,Tuscolano Nord
871,9a,872,Tuscolano Nord
872,9a,873,Tuscolano Nord
873,9a,874,Tuscolano Nord
874,10e,875,Lucrezia Romana
875,9a,876,Tuscolano Nord
876,9a,877,Tuscolano Nord
877,9b,878,Tuscolano Sud
878,9b,879,Tuscolano Sud
879,9b,880,Tuscolano Sud
880,9b,881,Tuscolano Sud
881,9b,882,Tuscolano Sud
882,9b,883,Tuscolano Sud
883,9b,884,Tuscolano Sud
884,9b,885,Tuscolano Sud
885,9b,886,Tuscolano Sud
886,9b,887,Tuscolano Sud
887,9b,888,Tuscolano Sud
888,9b,889,Tuscolano Sud
889,9b,890,Tuscolano Sud
890,9b,891,Tuscolano Sud
891,9b,892,Tuscolano Sud
892,9b,893,Tuscolano Sud
893,9b,894,Tuscolano Sud
894,9b,895,Tuscolano Sud
895,9b,896,Tuscolano Sud
896,9b,897,Tuscolano Sud
897,9b,898,Tuscolano Sud
898,9b,899,Tuscolano Sud
899,9b,900,Tuscolano Sud
900,9b,901,Tuscolano Sud
901,9b,902,Tuscolano Sud
902,9b,903,Tuscolano Sud
903,9b,904,Tuscolano Sud
904,9b,905,Tuscolano Sud
905,9b,906,Tuscolano Sud
906,9b,907,Tuscolano Sud
907,9b,908,Tuscolano Sud
908,9b,909,Tuscolano Sud
909,9b,910,Tuscolano Sud
910,9b,911,Tuscolano Sud
911,9b,912,Tuscolano Sud
912,9b,913,Tuscolano Sud
913,9b,914,Tuscolano Sud
914,9b,915,Tuscolano Sud
915,9b,916,Tuscolano Sud
916,9b,917,Tuscolano Sud
917,9c,918,Tor Fiscale
918,9c,919,Tor Fiscale
919,6c,920,Quadraro
920,6c,921,Quadraro
921,6c,922,Quadraro
922,6c,923,Quadraro
923,6c,924,Quadraro
924,6c,925,Quadraro
925,6c,926,Quadraro
926,6c,927,Quadraro
927,6c,928,Quadraro
928,6c,929,Quadraro
929,6b,930,Casilino
930,10h,931,Gregna
931,6c,932,Quadraro
932,6c,933,Quadraro
933,6c,934,Quadraro
934,6c,935,Quadraro
935,12h,936,Vallerano Castel di Leva
936,6c,937,Quadraro
937,6c,938,Quadraro
938,6c,939,Quadraro
939,6c,940,Quadraro
940,10a,941,Don Bosco
941,10a,942,Don Bosco
942,10a,943,Don Bosco
943,10a,944,Don Bosco
944,10a,945,Don Bosco
945,10a,946,Don Bosco
946,10a,947,Don Bosco
947,10a,948,Don Bosco
948,12l,949,Porta Medaglia
949,10a,950,Don Bosco
950,10a,951,Don Bosco
951,10b,952,Appio-Claudio
952,10a,953,Don Bosco
953,10b,954,Appio-Claudio
954,10b,955,Appio-Claudio
955,10b,956,Appio-Claudio
956,10b,957,Appio-Claudio
957,10b,958,Appio-Claudio
958,10b,959,Appio-Claudio
959,10b,960,Appio-Claudio
960,10b,961,Appio-Claudio
961,9d,962,Appio
962,9d,963,Appio
963,9d,964,Appio
964,9d,965,Appio
965,9d,966,Appio
966,9d,967,Appio
967,9d,968,Appio
968,9d,969,Appio
969,9d,970,Appio
970,9d,971,Appio
971,9d,972,Appio
972,9d,973,Appio
973,9d,974,Appio
974,9d,975,Appio
975,9d,976,Appio
976,9d,977,Appio
977,9d,978,Appio
978,9d,979,Appio
979,9d,980,Appio
980,9d,981,Appio
981,9d,982,Appio
982,9d,983,Appio
983,9d,984,Appio
984,9d,985,Appio
985,9d,986,Appio
986,9d,987,Appio
987,9d,988,Appio
988,9d,989,Appio
989,9e,990,Latino
990,9e,991,Latino
991,9e,992,Latino
992,9e,993,Latino
993,9e,994,Latino
994,9e,995,Latino
995,9e,996,Latino
996,9e,997,Latino
997,9e,998,Latino
998,9e,999,Latino
999,9e,1000,Latino
1000,9e,1001,Latino
1001,9e,1002,Latino
1002,9e,1003,Latino
1003,9e,1004,Latino
1004,9e,1005,Latino
1005,9e,1006,Latino
1006,9e,1007,Latino
1007,9e,1008,Latino
1008,12h,1009,Vallerano Castel di Leva
1009,9e,1010,Latino
1010,12f,1011,Mezzocammino
1011,9e,1012,Latino
1012,9b,1013,Tuscolano Sud
1013,9b,1014,Tuscolano Sud
1014,9b,1015,Tuscolano Sud
1015,9b,1016,Tuscolano Sud
1016,9b,1017,Tuscolano Sud
1017,9b,1018,Tuscolano Sud
1018,9b,1019,Tuscolano Sud
1019,9b,1020,Tuscolano Sud
1020,9b,1021,Tuscolano Sud
1021,9b,1022,Tuscolano Sud
1022,11x,1023,Appia Antica Nord
1023,10a,1024,Don Bosco
1024,10a,1025,Don Bosco
1025,10a,1026,Don Bosco
1026,10a,1027,Don Bosco
1027,10a,1028,Don Bosco
1028,10a,1029,Don Bosco
1029,10a,1030,Don Bosco
1030,10a,1031,Don Bosco
1031,10a,1032,Don Bosco
1032,10a,1033,Don Bosco
1033,10a,1034,Don Bosco
1034,10a,1035,Don Bosco
1035,10a,1036,Don Bosco
1036,10a,1037,Don Bosco
1037,10a,1038,Don Bosco
1038,10a,1039,Don Bosco
1039,10a,1040,Don Bosco
1040,10a,1041,Don Bosco
1041,13a,1042,Malafede
1042,10a,1043,Don Bosco
1043,10a,1044,Don Bosco
1044,10a,1045,Don Bosco
1045,10a,1046,Don Bosco
1046,10a,1047,Don Bosco
1047,10a,1048,Don Bosco
1048,10a,1049,Don Bosco
1049,10a,1050,Don Bosco
1050,10a,1051,Don Bosco
1051,10a,1052,Don Bosco
1052,10a,1053,Don Bosco
1053,10a,1054,Don Bosco
1054,10a,1055,Don Bosco
1055,10a,1056,Don Bosco
1056,10a,1057,Don Bosco
1057,10a,1058,Don Bosco
1058,12h,1059,Vallerano Castel di Leva
1059,10a,1060,Don Bosco
1060,10a,1061,Don Bosco
1061,10a,1062,Don Bosco
1062,10a,1063,Don Bosco
1063,10a,1064,Don Bosco
1064,10a,1065,Don Bosco
1065,10a,1066,Don Bosco
1066,10a,1067,Don Bosco
1067,10a,1068,Don Bosco
1068,10f,1069,Osteria del Curato
1069,10f,1070,Osteria del Curato
1070,10f,1071,Osteria del Curato
1071,10f,1072,Osteria del Curato
1072,10f,1073,Osteria del Curato
1073,12f,1074,Mezzocammino
1074,8b,1075,Torre Maura
1075,8a,1076,Torrespaccata
1076,8a,1077,Torrespaccata
1077,8a,1078,Torrespaccata
1078,8a,1079,Torrespaccata
1079,8a,1080,Torrespaccata
1080,8a,1081,Torrespaccata
1081,8a,1082,Torrespaccata
1082,8a,1083,Torrespaccata
1083,8a,1084,Torrespaccata
1084,8a,1085,Torrespaccata
1085,8a,1086,Torrespaccata
1086,8a,1087,Torrespaccata
1087,8a,1088,Torrespaccata
1088,8a,1089,Torrespaccata
1089,7g,1090,Centro Direzionale Centocelle
1090,10b,1091,Appio-Claudio
1091,10b,1092,Appio-Claudio
1092,10b,1093,Appio-Claudio
1093,10b,1094,Appio-Claudio
1094,10b,1095,Appio-Claudio
1095,10b,1096,Appio-Claudio
1096,10b,1097,Appio-Claudio
1097,10b,1098,Appio-Claudio
1098,10b,1099,Appio-Claudio
1099,10b,1100,Appio-Claudio
1100,10b,1101,Appio-Claudio
1101,10b,1102,Appio-Claudio
1102,10b,1103,Appio-Claudio
1103,10b,1104,Appio-Claudio
1104,10b,1105,Appio-Claudio
1105,10b,1106,Appio-Claudio
1106,10b,1107,Appio-Claudio
1107,10b,1108,Appio-Claudio
1108,10b,1109,Appio-Claudio
1109,10b,1110,Appio-Claudio
1110,10b,1111,Appio-Claudio
1111,10c,1112,Quarto Miglio
1112,10c,1113,Quarto Miglio
1113,10c,1114,Quarto Miglio
1114,10c,1115,Quarto Miglio
1115,10c,1116,Quarto Miglio
1116,10c,1117,Quarto Miglio
1117,10c,1118,Quarto Miglio
1118,11x,1119,Appia Antica Nord
1119,10c,1120,Quarto Miglio
1120,10d,1121,Pignatelli
1121,10d,1122,Pignatelli
1122,10d,1123,Pignatelli
1123,10d,1124,Pignatelli
1124,10d,1125,Pignatelli
1125,10d,1126,Pignatelli
1126,11x,1127,Appia Antica Nord
1127,8b,1128,Torre Maura
1128,8b,1129,Torre Maura
1129,8b,1130,Torre Maura
1130,8b,1131,Torre Maura
1131,8b,1132,Torre Maura
1132,8b,1133,Torre Maura
1133,8b,1134,Torre Maura
1134,8b,1135,Torre Maura
1135,10f,1136,Osteria del Curato
1136,10f,1137,Osteria del Curato
1137,10f,1138,Osteria del Curato
1138,10f,1139,Osteria del Curato
1139,10f,1140,Osteria del Curato
1140,10f,1141,Osteria del Curato
1141,10f,1142,Osteria del Curato
1142,10f,1143,Osteria del Curato
1143,10f,1144,Osteria del Curato
1144,10f,1145,Osteria del Curato
1145,10f,1146,Osteria del Curato
1146,10f,1147,Osteria del Curato
1147,10f,1148,Osteria del Curato
1148,10g,1149,Romanina
1149,10f,1150,Osteria del Curato
1150,10f,1151,Osteria del Curato
1151,10l,1152,Morena
1152,10g,1153,Romanina
1153,10g,1154,Romanina
1154,10g,1155,Romanina
1155,10g,1156,Romanina
1156,10g,1157,Romanina
1157,10i,1158,Barcaccia
1158,10i,1159,Barcaccia
1159,10i,1160,Barcaccia
1160,10i,1161,Barcaccia
1161,10c,1162,Quarto Miglio
1162,10e,1163,Lucrezia Romana
1163,10e,1164,Lucrezia Romana
1164,10h,1165,Gregna
1165,10h,1166,Gregna
1166,10h,1167,Gregna
1167,10l,1168,Morena
1168,10l,1169,Morena
1169,10l,1170,Morena
1170,10l,1171,Morena
1171,10l,1172,Morena
1172,10l,1173,Morena
1173,10l,1174,Morena
1174,10l,1175,Morena
1175,10l,1176,Morena
1176,10l,1177,Morena
1177,10l,1178,Morena
1178,10l,1179,Morena
1179,10l,1180,Morena
1180,10l,1181,Morena
1181,10l,1182,Morena
1182,10l,1183,Morena
1183,10l,1184,Morena
1184,10l,1185,Morena
1185,10h,1186,Gregna
1186,10l,1187,Morena
1187,10l,1188,Morena
1188,10l,1189,Morena
1189,10l,1190,Morena
1190,10l,1191,Morena
1191,10l,1192,Morena
1192,10x,1193,Ciampino
1193,11x,1194,Appia Antica Nord
1194,11y,1195,Appia Antica Sud
1195,12h,1196,Vallerano Castel di Leva
1196,12h,1197,Vallerano Castel di Leva
1197,12h,1198,Vallerano Castel di Leva
1198,12h,1199,Vallerano Castel di Leva
1199,12h,1200,Vallerano Castel di Leva
1200,12h,1201,Vallerano Castel di Leva
1201,12h,1202,Vallerano Castel di Leva
1202,12h,1203,Vallerano Castel di Leva
1203,12l,1204,Porta Medaglia
1204,12l,1205,Porta Medaglia
1205,12n,1206,Santa Palomba
1206,12h,1207,Vallerano Castel di Leva
1207,12i,1208,Decima
1208,12h,1209,Vallerano Castel di Leva
1209,12h,1210,Vallerano Castel di Leva
1210,12h,1211,Vallerano Castel di Leva
1211,12h,1212,Vallerano Castel di Leva
1212,12i,1213,Decima
1213,12i,1214,Decima
1214,12i,1215,Decima
1215,12i,1216,Decima
1216,1d,1217,Testaccio
1217,12c,1218,Torrino
1218,13i,1219,Infernetto
1219,1d,1220,Testaccio
1220,1d,1221,Testaccio
1221,1d,1222,Testaccio
1222,1d,1223,Testaccio
1223,1d,1224,Testaccio
1224,1d,1225,Testaccio
1225,1d,1226,Testaccio
1226,1c,1227,Aventino
1227,1c,1228,Aventino
1228,1c,1229,Aventino
1229,11a,1230,Ostiense
1230,11a,1231,Ostiense
1231,11a,1232,Ostiense
1232,11a,1233,Ostiense
1233,11a,1234,Ostiense
1234,11a,1235,Ostiense
1235,11c,1236,Garbatella
1236,11c,1237,Garbatella
1237,11c,1238,Garbatella
1238,11c,1239,Garbatella
1239,11c,1240,Garbatella
1240,11c,1241,Garbatella
1241,11c,1242,Garbatella
1242,11d,1243,Navigatori
1243,11c,1244,Garbatella
1244,11c,1245,Garbatella
1245,11c,1246,Garbatella
1246,11c,1247,Garbatella
1247,11c,1248,Garbatella
1248,11c,1249,Garbatella
1249,11c,1250,Garbatella
1250,11c,1251,Garbatella
1251,11c,1252,Garbatella
1252,11c,1253,Garbatella
1253,11c,1254,Garbatella
1254,11c,1255,Garbatella
1255,11c,1256,Garbatella
1256,11c,1257,Garbatella
1257,11c,1258,Garbatella
1258,11c,1259,Garbatella
1259,11c,1260,Garbatella
1260,11x,1261,Appia Antica Nord
1261,11c,1262,Garbatella
1262,11c,1263,Garbatella
1263,11c,1264,Garbatella
1264,11a,1265,Ostiense
1265,11b,1266,Valco S. Paolo
1266,11b,1267,Valco S. Paolo
1267,11c,1268,Garbatella
1268,11c,1269,Garbatella
1269,15g,1270,Ponte Galeria
1270,11c,1271,Garbatella
1271,11c,1272,Garbatella
1272,18f,1273,Boccea
1273,11c,1274,Garbatella
1274,11c,1275,Garbatella
1275,11c,1276,Garbatella
1276,11c,1277,Garbatella
1277,11c,1278,Garbatella
1278,11c,1279,Garbatella
1279,11c,1280,Garbatella
1280,11c,1281,Garbatella
1281,11c,1282,Garbatella
1282,11c,1283,Garbatella
1283,11c,1284,Garbatella
1284,11c,1285,Garbatella
1285,11c,1286,Garbatella
1286,11b,1287,Valco S. Paolo
1287,11b,1288,Valco S. Paolo
1288,11b,1289,Valco S. Paolo
1289,11b,1290,Valco S. Paolo
1290,11b,1291,Valco S. Paolo
1291,11b,1292,Valco S. Paolo
1292,11b,1293,Valco S. Paolo
1293,12a,1294,Eur
1294,1d,1295,Testaccio
1295,16d,1296,Gianicolense
1296,16d,1297,Gianicolense
1297,15a,1298,Marconi
1298,15a,1299,Marconi
1299,15a,1300,Marconi
1300,15a,1301,Marconi
1301,15a,1302,Marconi
1302,15a,1303,Marconi
1303,15a,1304,Marconi
1304,15a,1305,Marconi
1305,15a,1306,Marconi
1306,15a,1307,Marconi
1307,19g,1308,Castelluccia
1308,15a,1309,Marconi
1309,15a,1310,Marconi
1310,15a,1311,Marconi
1311,15a,1312,Marconi
1312,15a,1313,Marconi
1313,15a,1314,Marconi
1314,15a,1315,Marconi
1315,15a,1316,Marconi
1316,15a,1317,Marconi
1317,15a,1318,Marconi
1318,15a,1319,Marconi
1319,15a,1320,Marconi
1320,15a,1321,Marconi
1321,15a,1322,Marconi
1322,15a,1323,Marconi
1323,15c,1324,Pian Due Torri
1324,15a,1325,Marconi
1325,15a,1326,Marconi
1326,15a,1327,Marconi
1327,15a,1328,Marconi
1328,15a,1329,Marconi
1329,15a,1330,Marconi
1330,15c,1331,Pian Due Torri
1331,15c,1332,Pian Due Torri
1332,15c,1333,Pian Due Torri
1333,15c,1334,Pian Due Torri
1334,15c,1335,Pian Due Torri
1335,15c,1336,Pian Due Torri
1336,15c,1337,Pian Due Torri
1337,15c,1338,Pian Due Torri
1338,15c,1339,Pian Due Torri
1339,15c,1340,Pian Due Torri
1340,15c,1341,Pian Due Torri
1341,15c,1342,Pian Due Torri
1342,15c,1343,Pian Due Torri
1343,15c,1344,Pian Due Torri
1344,15c,1345,Pian Due Torri
1345,15c,1346,Pian Due Torri
1346,15c,1347,Pian Due Torri
1347,15c,1348,Pian Due Torri
1348,15c,1349,Pian Due Torri
1349,15c,1350,Pian Due Torri
1350,15c,1351,Pian Due Torri
1351,15c,1352,Pian Due Torri
1352,15c,1353,Pian Due Torri
1353,15d,1354,Trullo
1354,15c,1355,Pian Due Torri
1355,15b,1356,Portuense
1356,15b,1357,Portuense
1357,15b,1358,Portuense
1358,15b,1359,Portuense
1359,15b,1360,Portuense
1360,15b,1361,Portuense
1361,15b,1362,Portuense
1362,15b,1363,Portuense
1363,15b,1364,Portuense
1364,15b,1365,Portuense
1365,15b,1366,Portuense
1366,15b,1367,Portuense
1367,15b,1368,Portuense
1368,15b,1369,Portuense
1369,15b,1370,Portuense
1370,15b,1371,Portuense
1371,15b,1372,Portuense
1372,15b,1373,Portuense
1373,15b,1374,Portuense
1374,15b,1375,Portuense
1375,15b,1376,Portuense
1376,15b,1377,Portuense
1377,15b,1378,Portuense
1378,15b,1379,Portuense
1379,15b,1380,Portuense
1380,15b,1381,Portuense
1381,15c,1382,Pian Due Torri
1382,16d,1383,Gianicolense
1383,16d,1384,Gianicolense
1384,16d,1385,Gianicolense
1385,16d,1386,Gianicolense
1386,16d,1387,Gianicolense
1387,16d,1388,Gianicolense
1388,16d,1389,Gianicolense
1389,16d,1390,Gianicolense
1390,16d,1391,Gianicolense
1391,16d,1392,Gianicolense
1392,16d,1393,Gianicolense
1393,16d,1394,Gianicolense
1394,16d,1395,Gianicolense
1395,16d,1396,Gianicolense
1396,16d,1397,Gianicolense
1397,16d,1398,Gianicolense
1398,16d,1399,Gianicolense
1399,16d,1400,Gianicolense
1400,16x,1401,Villa Pamphili
1401,16d,1402,Gianicolense
1402,16d,1403,Gianicolense
1403,16d,1404,Gianicolense
1404,16d,1405,Gianicolense
1405,16d,1406,Gianicolense
1406,16d,1407,Gianicolense
1407,16d,1408,Gianicolense
1408,16d,1409,Gianicolense
1409,16d,1410,Gianicolense
1410,16d,1411,Gianicolense
1411,16d,1412,Gianicolense
1412,16d,1413,Gianicolense
1413,16d,1414,Gianicolense
1414,16d,1415,Gianicolense
1415,16d,1416,Gianicolense
1416,16d,1417,Gianicolense
1417,16d,1418,Gianicolense
1418,16d,1419,Gianicolense
1419,16d,1420,Gianicolense
1420,16d,1421,Gianicolense
1421,16d,1422,Gianicolense
1422,16d,1423,Gianicolense
1423,16d,1424,Gianicolense
1424,16d,1425,Gianicolense
1425,16d,1426,Gianicolense
1426,16d,1427,Gianicolense
1427,16a,1428,Colli Portuensi
1428,16a,1429,Colli Portuensi
1429,16a,1430,Colli Portuensi
1430,16a,1431,Colli Portuensi
1431,16d,1432,Gianicolense
1432,16d,1433,Gianicolense
1433,16d,1434,Gianicolense
1434,16d,1435,Gianicolense
1435,16d,1436,Gianicolense
1436,16a,1437,Colli Portuensi
1437,16a,1438,Colli Portuensi
1438,16a,1439,Colli Portuensi
1439,16a,1440,Colli Portuensi
1440,16a,1441,Colli Portuensi
1441,16a,1442,Colli Portuensi
1442,16a,1443,Colli Portuensi
1443,16a,1444,Colli Portuensi
1444,16a,1445,Colli Portuensi
1445,16a,1446,Colli Portuensi
1446,16a,1447,Colli Portuensi
1447,16a,1448,Colli Portuensi
1448,16a,1449,Colli Portuensi
1449,16a,1450,Colli Portuensi
1450,16a,1451,Colli Portuensi
1451,16a,1452,Colli Portuensi
1452,16a,1453,Colli Portuensi
1453,16a,1454,Colli Portuensi
1454,16a,1455,Colli Portuensi
1455,16a,1456,Colli Portuensi
1456,16a,1457,Colli Portuensi
1457,16a,1458,Colli Portuensi
1458,16a,1459,Colli Portuensi
1459,16a,1460,Colli Portuensi
1460,16a,1461,Colli Portuensi
1461,16a,1462,Colli Portuensi
1462,16a,1463,Colli Portuensi
1463,16a,1464,Colli Portuensi
1464,16a,1465,Colli Portuensi
1465,16a,1466,Colli Portuensi
1466,16a,1467,Colli Portuensi
1467,15a,1468,Marconi
1468,15a,1469,Marconi
1469,15a,1470,Marconi
1470,15a,1471,Marconi
1471,11d,1472,Navigatori
1472,11x,1473,Appia Antica Nord
1473,11d,1474,Navigatori
1474,11d,1475,Navigatori
1475,11d,1476,Navigatori
1476,11d,1477,Navigatori
1477,11x,1478,Appia Antica Nord
1478,11d,1479,Navigatori
1479,11e,1480,Tormarancia
1480,11e,1481,Tormarancia
1481,11e,1482,Tormarancia
1482,11e,1483,Tormarancia
1483,11e,1484,Tormarancia
1484,11e,1485,Tormarancia
1485,11e,1486,Tormarancia
1486,11e,1487,Tormarancia
1487,11e,1488,Tormarancia
1488,11e,1489,Tormarancia
1489,11e,1490,Tormarancia
1490,11e,1491,Tormarancia
1491,11e,1492,Tormarancia
1492,11e,1493,Tormarancia
1493,11e,1494,Tormarancia
1494,11e,1495,Tormarancia
1495,11e,1496,Tormarancia
1496,11e,1497,Tormarancia
1497,11e,1498,Tormarancia
1498,11e,1499,Tormarancia
1499,11e,1500,Tormarancia
1500,11e,1501,Tormarancia
1501,11e,1502,Tormarancia
1502,11e,1503,Tormarancia
1503,11e,1504,Tormarancia
1504,11e,1505,Tormarancia
1505,11e,1506,Tormarancia
1506,11e,1507,Tormarancia
1507,12a,1508,Eur
1508,11e,1509,Tormarancia
1509,11f,1510,Tre Fontane
1510,11f,1511,Tre Fontane
1511,11f,1512,Tre Fontane
1512,11f,1513,Tre Fontane
1513,11f,1514,Tre Fontane
1514,11f,1515,Tre Fontane
1515,11f,1516,Tre Fontane
1516,11f,1517,Tre Fontane
1517,11f,1518,Tre Fontane
1518,11f,1519,Tre Fontane
1519,11f,1520,Tre Fontane
1520,11g,1521,Grottaperfetta
1521,11g,1522,Grottaperfetta
1522,11g,1523,Grottaperfetta
1523,11g,1524,Grottaperfetta
1524,11g,1525,Grottaperfetta
1525,11g,1526,Grottaperfetta
1526,11g,1527,Grottaperfetta
1527,11g,1528,Grottaperfetta
1528,11g,1529,Grottaperfetta
1529,11g,1530,Grottaperfetta
1530,11g,1531,Grottaperfetta
1531,11g,1532,Grottaperfetta
1532,11g,1533,Grottaperfetta
1533,11g,1534,Grottaperfetta
1534,11g,1535,Grottaperfetta
1535,11x,1536,Appia Antica Nord
1536,12e,1537,Cecchignola
1537,12e,1538,Cecchignola
1538,12e,1539,Cecchignola
1539,12e,1540,Cecchignola
1540,12e,1541,Cecchignola
1541,12e,1542,Cecchignola
1542,12e,1543,Cecchignola
1543,12e,1544,Cecchignola
1544,12b,1545,Villaggio Giuliano
1545,12b,1546,Villaggio Giuliano
1546,12b,1547,Villaggio Giuliano
1547,12b,1548,Villaggio Giuliano
1548,12b,1549,Villaggio Giuliano
1549,12b,1550,Villaggio Giuliano
1550,12b,1551,Villaggio Giuliano
1551,12b,1552,Villaggio Giuliano
1552,12b,1553,Villaggio Giuliano
1553,12e,1554,Cecchignola
1554,12e,1555,Cecchignola
1555,12e,1556,Cecchignola
1556,12e,1557,Cecchignola
1557,12e,1558,Cecchignola
1558,12e,1559,Cecchignola
1559,13x,1560,Castel Porziano
1560,12a,1561,Eur
1561,12a,1562,Eur
1562,12a,1563,Eur
1563,12a,1564,Eur
1564,12a,1565,Eur
1565,12a,1566,Eur
1566,12a,1567,Eur
1567,12a,1568,Eur
1568,12a,1569,Eur
1569,15b,1570,Portuense
1570,15b,1571,Portuense
1571,15b,1572,Portuense
1572,15b,1573,Portuense
1573,8a,1574,Torrespaccata
1574,15d,1575,Trullo
1575,15d,1576,Trullo
1576,15d,1577,Trullo
1577,15d,1578,Trullo
1578,15d,1579,Trullo
1579,15d,1580,Trullo
1580,15d,1581,Trullo
1581,15d,1582,Trullo
1582,15d,1583,Trullo
1583,15d,1584,Trullo
1584,15d,1585,Trullo
1585,15d,1586,Trullo
1586,15d,1587,Trullo
1587,15d,1588,Trullo
1588,15d,1589,Trullo
1589,15d,1590,Trullo
1590,15d,1591,Trullo
1591,15d,1592,Trullo
1592,15d,1593,Trullo
1593,15d,1594,Trullo
1594,15d,1595,Trullo
1595,15d,1596,Trullo
1596,15d,1597,Trullo
1597,15d,1598,Trullo
1598,15d,1599,Trullo
1599,15d,1600,Trullo
1600,15b,1601,Portuense
1601,15b,1602,Portuense
1602,12e,1603,Cecchignola
1603,11x,1604,Appia Antica Nord
1604,12d,1605,Laurentino
1605,12d,1606,Laurentino
1606,12d,1607,Laurentino
1607,12d,1608,Laurentino
1608,12d,1609,Laurentino
1609,12d,1610,Laurentino
1610,12d,1611,Laurentino
1611,12d,1612,Laurentino
1612,12d,1613,Laurentino
1613,12d,1614,Laurentino
1614,12d,1615,Laurentino
1615,12d,1616,Laurentino
1616,12d,1617,Laurentino
1617,12d,1618,Laurentino
1618,12d,1619,Laurentino
1619,12d,1620,Laurentino
1620,12d,1621,Laurentino
1621,12d,1622,Laurentino
1622,12d,1623,Laurentino
1623,19g,1624,Castelluccia
1624,12d,1625,Laurentino
1625,12d,1626,Laurentino
1626,12d,1627,Laurentino
1627,12d,1628,Laurentino
1628,12d,1629,Laurentino
1629,12c,1630,Torrino
1630,12c,1631,Torrino
1631,12c,1632,Torrino
1632,12c,1633,Torrino
1633,12c,1634,Torrino
1634,12c,1635,Torrino
1635,12c,1636,Torrino
1636,12c,1637,Torrino
1637,12c,1638,Torrino
1638,12c,1639,Torrino
1639,12c,1640,Torrino
1640,12c,1641,Torrino
1641,12c,1642,Torrino
1642,12c,1643,Torrino
1643,12c,1644,Torrino
1644,12c,1645,Torrino
1645,12c,1646,Torrino
1646,12c,1647,Torrino
1647,12x,1648,Tor di Valle
1648,12c,1649,Torrino
1649,12c,1650,Torrino
1650,12c,1651,Torrino
1651,12c,1652,Torrino
1652,12c,1653,Torrino
1653,12c,1654,Torrino
1654,12c,1655,Torrino
1655,12c,1656,Torrino
1656,12c,1657,Torrino
1657,12f,1658,Mezzocammino
1658,12c,1659,Torrino
1659,12c,1660,Torrino
1660,12c,1661,Torrino
1661,12c,1662,Torrino
1662,12c,1663,Torrino
1663,12c,1664,Torrino
1664,12c,1665,Torrino
1665,12c,1666,Torrino
1666,12c,1667,Torrino
1667,12c,1668,Torrino
1668,12c,1669,Torrino
1669,12g,1670,Spinaceto
1670,12g,1671,Spinaceto
1671,12c,1672,Torrino
1672,12g,1673,Spinaceto
1673,12g,1674,Spinaceto
1674,12g,1675,Spinaceto
1675,12g,1676,Spinaceto
1676,12g,1677,Spinaceto
1677,12g,1678,Spinaceto
1678,12g,1679,Spinaceto
1679,12g,1680,Spinaceto
1680,12g,1681,Spinaceto
1681,12g,1682,Spinaceto
1682,12g,1683,Spinaceto
1683,12g,1684,Spinaceto
1684,12g,1685,Spinaceto
1685,12d,1686,Laurentino
1686,12g,1687,Spinaceto
1687,12g,1688,Spinaceto
1688,12g,1689,Spinaceto
1689,12g,1690,Spinaceto
1690,12g,1691,Spinaceto
1691,12g,1692,Spinaceto
1692,12g,1693,Spinaceto
1693,12g,1694,Spinaceto
1694,12g,1695,Spinaceto
1695,12g,1696,Spinaceto
1696,12g,1697,Spinaceto
1697,12m,1698,Castel Romano
1698,1a,1699,Centro Storico
1699,1a,1700,Centro Storico
1700,1a,1701,Centro Storico
1701,1a,1702,Centro Storico
1702,1a,1703,Centro Storico
1703,1a,1704,Centro Storico
1704,1a,1705,Centro Storico
1705,1a,1706,Centro Storico
1706,1b,1707,Trastevere
1707,1b,1708,Trastevere
1708,1b,1709,Trastevere
1709,1b,1710,Trastevere
1710,1b,1711,Trastevere
1711,1b,1712,Trastevere
1712,1b,1713,Trastevere
1713,1b,1714,Trastevere
1714,1b,1715,Trastevere
1715,1b,1716,Trastevere
1716,1b,1717,Trastevere
1717,1b,1718,Trastevere
1718,17a,1719,Prati
1719,17a,1720,Prati
1720,17a,1721,Prati
1721,18a,1722,Aurelio Sud
1722,18a,1723,Aurelio Sud
1723,18a,1724,Aurelio Sud
1724,18a,1725,Aurelio Sud
1725,18a,1726,Aurelio Sud
1726,18a,1727,Aurelio Sud
1727,18a,1728,Aurelio Sud
1728,18a,1729,Aurelio Sud
1729,19g,1730,Castelluccia
1730,18a,1731,Aurelio Sud
1731,18a,1732,Aurelio Sud
1732,18a,1733,Aurelio Sud
1733,18a,1734,Aurelio Sud
1734,18a,1735,Aurelio Sud
1735,18a,1736,Aurelio Sud
1736,18a,1737,Aurelio Sud
1737,18a,1738,Aurelio Sud
1738,18a,1739,Aurelio Sud
1739,18a,1740,Aurelio Sud
1740,18a,1741,Aurelio Sud
1741,18a,1742,Aurelio Sud
1742,18a,1743,Aurelio Sud
1743,18d,1744,Aurelio Nord
1744,18d,1745,Aurelio Nord
1745,18d,1746,Aurelio Nord
1746,18d,1747,Aurelio Nord
1747,18d,1748,Aurelio Nord
1748,18d,1749,Aurelio Nord
1749,18a,1750,Aurelio Sud
1750,18d,1751,Aurelio Nord
1751,18d,1752,Aurelio Nord
1752,18d,1753,Aurelio Nord
1753,18d,1754,Aurelio Nord
1754,13i,1755,Infernetto
1755,18d,1756,Aurelio Nord
1756,8e,1757,Lunghezza
1757,18d,1758,Aurelio Nord
1758,18d,1759,Aurelio Nord
1759,18d,1760,Aurelio Nord
1760,18d,1761,Aurelio Nord
1761,4f,1762,Casal Boccone
1762,18d,1763,Aurelio Nord
1763,17c,1764,Eroi
1764,17c,1765,Eroi
1765,17c,1766,Eroi
1766,17c,1767,Eroi
1767,17c,1768,Eroi
1768,17c,1769,Eroi
1769,17c,1770,Eroi
1770,17c,1771,Eroi
1771,17c,1772,Eroi
1772,17c,1773,Eroi
1773,17c,1774,Eroi
1774,17c,1775,Eroi
1775,17c,1776,Eroi
1776,17c,1777,Eroi
1777,17c,1778,Eroi
1778,17c,1779,Eroi
1779,17c,1780,Eroi
1780,17c,1781,Eroi
1781,17c,1782,Eroi
1782,19a,1783,Medaglie d' Oro
1783,19a,1784,Medaglie d' Oro
1784,19a,1785,Medaglie d' Oro
1785,19a,1786,Medaglie d' Oro
1786,19a,1787,Medaglie d' Oro
1787,19a,1788,Medaglie d' Oro
1788,19a,1789,Medaglie d' Oro
1789,19a,1790,Medaglie d' Oro
1790,19a,1791,Medaglie d' Oro
1791,19a,1792,Medaglie d' Oro
1792,19a,1793,Medaglie d' Oro
1793,19a,1794,Medaglie d' Oro
1794,19a,1795,Medaglie d' Oro
1795,19f,1796,Pineto
1796,19a,1797,Medaglie d' Oro
1797,19a,1798,Medaglie d' Oro
1798,19a,1799,Medaglie d' Oro
1799,19a,1800,Medaglie d' Oro
1800,19a,1801,Medaglie d' Oro
1801,19a,1802,Medaglie d' Oro
1802,19a,1803,Medaglie d' Oro
1803,19a,1804,Medaglie d' Oro
1804,19a,1805,Medaglie d' Oro
1805,19a,1806,Medaglie d' Oro
1806,19a,1807,Medaglie d' Oro
1807,19a,1808,Medaglie d' Oro
1808,19a,1809,Medaglie d' Oro
1809,19f,1810,Pineto
1810,19a,1811,Medaglie d' Oro
1811,13f,1812,Ostia Nord
1812,13f,1813,Ostia Nord
1813,13f,1814,Ostia Nord
1814,13f,1815,Ostia Nord
1815,13f,1816,Ostia Nord
1816,13f,1817,Ostia Nord
1817,13f,1818,Ostia Nord
1818,13f,1819,Ostia Nord
1819,13f,1820,Ostia Nord
1820,13f,1821,Ostia Nord
1821,13f,1822,Ostia Nord
1822,13f,1823,Ostia Nord
1823,13f,1824,Ostia Nord
1824,13f,1825,Ostia Nord
1825,13f,1826,Ostia Nord
1826,13f,1827,Ostia Nord
1827,13f,1828,Ostia Nord
1828,13f,1829,Ostia Nord
1829,13f,1830,Ostia Nord
1830,13f,1831,Ostia Nord
1831,13e,1832,Ostia Antica
1832,13g,1833,Ostia Sud
1833,13f,1834,Ostia Nord
1834,13f,1835,Ostia Nord
1835,13f,1836,Ostia Nord
1836,13f,1837,Ostia Nord
1837,13f,1838,Ostia Nord
1838,13f,1839,Ostia Nord
1839,13f,1840,Ostia Nord
1840,13f,1841,Ostia Nord
1841,13f,1842,Ostia Nord
1842,13f,1843,Ostia Nord
1843,13f,1844,Ostia Nord
1844,13f,1845,Ostia Nord
1845,13f,1846,Ostia Nord
1846,13i,1847,Infernetto
1847,13f,1848,Ostia Nord
1848,13f,1849,Ostia Nord
1849,13f,1850,Ostia Nord
1850,13g,1851,Ostia Sud
1851,13g,1852,Ostia Sud
1852,13g,1853,Ostia Sud
1853,13g,1854,Ostia Sud
1854,13g,1855,Ostia Sud
1855,13g,1856,Ostia Sud
1856,13g,1857,Ostia Sud
1857,13g,1858,Ostia Sud
1858,13g,1859,Ostia Sud
1859,13g,1860,Ostia Sud
1860,13g,1861,Ostia Sud
1861,13g,1862,Ostia Sud
1862,13g,1863,Ostia Sud
1863,13g,1864,Ostia Sud
1864,13g,1865,Ostia Sud
1865,13i,1866,Infernetto
1866,13g,1867,Ostia Sud
1867,13g,1868,Ostia Sud
1868,13g,1869,Ostia Sud
1869,13g,1870,Ostia Sud
1870,13g,1871,Ostia Sud
1871,13g,1872,Ostia Sud
1872,13g,1873,Ostia Sud
1873,13g,1874,Ostia Sud
1874,13g,1875,Ostia Sud
1875,13g,1876,Ostia Sud
1876,13g,1877,Ostia Sud
1877,13g,1878,Ostia Sud
1878,13g,1879,Ostia Sud
1879,13g,1880,Ostia Sud
1880,13g,1881,Ostia Sud
1881,13g,1882,Ostia Sud
1882,13g,1883,Ostia Sud
1883,13x,1884,Castel Porziano
1884,16c,1885,Pisana
1885,16c,1886,Pisana
1886,16b,1887,Buon Pastore
1887,16b,1888,Buon Pastore
1888,16b,1889,Buon Pastore
1889,16b,1890,Buon Pastore
1890,16b,1891,Buon Pastore
1891,16b,1892,Buon Pastore
1892,16b,1893,Buon Pastore
1893,16b,1894,Buon Pastore
1894,16b,1895,Buon Pastore
1895,16c,1896,Pisana
1896,16b,1897,Buon Pastore
1897,16b,1898,Buon Pastore
1898,16b,1899,Buon Pastore
1899,16b,1900,Buon Pastore
1900,16b,1901,Buon Pastore
1901,16b,1902,Buon Pastore
1902,16b,1903,Buon Pastore
1903,16b,1904,Buon Pastore
1904,16b,1905,Buon Pastore
1905,16b,1906,Buon Pastore
1906,16b,1907,Buon Pastore
1907,16b,1908,Buon Pastore
1908,13i,1909,Infernetto
1909,16b,1910,Buon Pastore
1910,16b,1911,Buon Pastore
1911,16b,1912,Buon Pastore
1912,16b,1913,Buon Pastore
1913,16b,1914,Buon Pastore
1914,16b,1915,Buon Pastore
1915,16b,1916,Buon Pastore
1916,16b,1917,Buon Pastore
1917,16b,1918,Buon Pastore
1918,16b,1919,Buon Pastore
1919,15e,1920,Magliana
1920,15f,1921,Corviale
1921,13b,1922,Acilia Nord
1922,15f,1923,Corviale
1923,15f,1924,Corviale
1924,15f,1925,Corviale
1925,15f,1926,Corviale
1926,15f,1927,Corviale
1927,15f,1928,Corviale
1928,15f,1929,Corviale
1929,13i,1930,Infernetto
1930,15f,1931,Corviale
1931,15f,1932,Corviale
1932,19g,1933,Castelluccia
1933,15f,1934,Corviale
1934,15f,1935,Corviale
1935,15f,1936,Corviale
1936,18b,1937,Val Cannuta
1937,18b,1938,Val Cannuta
1938,18b,1939,Val Cannuta
1939,18b,1940,Val Cannuta
1940,18b,1941,Val Cannuta
1941,18d,1942,Aurelio Nord
1942,18b,1943,Val Cannuta
1943,18b,1944,Val Cannuta
1944,18b,1945,Val Cannuta
1945,18b,1946,Val Cannuta
1946,18b,1947,Val Cannuta
1947,18b,1948,Val Cannuta
1948,18b,1949,Val Cannuta
1949,18b,1950,Val Cannuta
1950,18b,1951,Val Cannuta
1951,18c,1952,Fogaccia
1952,18c,1953,Fogaccia
1953,18c,1954,Fogaccia
1954,18f,1955,Boccea
1955,18c,1956,Fogaccia
1956,18c,1957,Fogaccia
1957,18c,1958,Fogaccia
1958,18c,1959,Fogaccia
1959,18c,1960,Fogaccia
1960,18c,1961,Fogaccia
1961,18c,1962,Fogaccia
1962,18b,1963,Val Cannuta
1963,13x,1964,Castel Porziano
1964,13h,1965,Castel Fusano
1965,13i,1966,Infernetto
1966,13i,1967,Infernetto
1967,13i,1968,Infernetto
1968,13i,1969,Infernetto
1969,13x,1970,Castel Porziano
1970,13x,1971,Castel Porziano
1971,13i,1972,Infernetto
1972,12f,1973,Mezzocammino
1973,12f,1974,Mezzocammino
1974,12f,1975,Mezzocammino
1975,12f,1976,Mezzocammino
1976,12f,1977,Mezzocammino
1977,12f,1978,Mezzocammino
1978,13b,1979,Acilia Nord
1979,13b,1980,Acilia Nord
1980,13b,1981,Acilia Nord
1981,13b,1982,Acilia Nord
1982,13b,1983,Acilia Nord
1983,13c,1984,Acilia Sud
1984,13b,1985,Acilia Nord
1985,13b,1986,Acilia Nord
1986,13b,1987,Acilia Nord
1987,13b,1988,Acilia Nord
1988,13b,1989,Acilia Nord
1989,13b,1990,Acilia Nord
1990,13b,1991,Acilia Nord
1991,13b,1992,Acilia Nord
1992,13b,1993,Acilia Nord
1993,13b,1994,Acilia Nord
1994,13b,1995,Acilia Nord
1995,13b,1996,Acilia Nord
1996,13b,1997,Acilia Nord
1997,13a,1998,Malafede
1998,15g,1999,Ponte Galeria
1999,13a,2000,Malafede
2000,13x,2001,Castel Porziano
2001,13a,2002,Malafede
2002,13c,2003,Acilia Sud
2003,13c,2004,Acilia Sud
2004,13a,2005,Malafede
2005,13c,2006,Acilia Sud
2006,13c,2007,Acilia Sud
2007,13c,2008,Acilia Sud
2008,13c,2009,Acilia Sud
2009,13c,2010,Acilia Sud
2010,13c,2011,Acilia Sud
2011,13c,2012,Acilia Sud
2012,13c,2013,Acilia Sud
2013,13c,2014,Acilia Sud
2014,13d,2015,Palocco
2015,13c,2016,Acilia Sud
2016,13d,2017,Palocco
2017,13a,2018,Malafede
2018,13a,2019,Malafede
2019,13d,2020,Palocco
2020,13d,2021,Palocco
2021,13d,2022,Palocco
2022,13d,2023,Palocco
2023,13a,2024,Malafede
2024,13d,2025,Palocco
2025,13c,2026,Acilia Sud
2026,13c,2027,Acilia Sud
2027,13c,2028,Acilia Sud
2028,13c,2029,Acilia Sud
2029,13c,2030,Acilia Sud
2030,13c,2031,Acilia Sud
2031,13c,2032,Acilia Sud
2032,13d,2033,Palocco
2033,13d,2034,Palocco
2034,13d,2035,Palocco
2035,13d,2036,Palocco
2036,13d,2037,Palocco
2037,13d,2038,Palocco
2038,13d,2039,Palocco
2039,13d,2040,Palocco
2040,13d,2041,Palocco
2041,13d,2042,Palocco
2042,13d,2043,Palocco
2043,13d,2044,Palocco
2044,13d,2045,Palocco
2045,13e,2046,Ostia Antica
2046,13e,2047,Ostia Antica
2047,13e,2048,Ostia Antica
2048,13g,2049,Ostia Sud
2049,13g,2050,Ostia Sud
2050,13e,2051,Ostia Antica
2051,13e,2052,Ostia Antica
2052,13e,2053,Ostia Antica
2053,13e,2054,Ostia Antica
2054,13e,2055,Ostia Antica
2055,13e,2056,Ostia Antica
2056,15e,2057,Magliana
2057,15g,2058,Ponte Galeria
2058,15g,2059,Ponte Galeria
2059,15g,2060,Ponte Galeria
2060,15g,2061,Ponte Galeria
2061,15g,2062,Ponte Galeria
2062,15g,2063,Ponte Galeria
2063,16c,2064,Pisana
2064,18f,2065,Boccea
2065,18f,2066,Boccea
2066,18f,2067,Boccea
2067,16f,2068,Pantano di Grano
2068,16e,2069,Massimina
2069,16e,2070,Massimina
2070,16e,2071,Massimina
2071,16f,2072,Pantano di Grano
2072,16f,2073,Pantano di Grano
2073,16f,2074,Pantano di Grano
2074,16f,2075,Pantano di Grano
2075,18e,2076,Casalotti di Boccea
2076,18e,2077,Casalotti di Boccea
2077,19g,2078,Castelluccia
2078,19g,2079,Castelluccia
2079,19g,2080,Castelluccia
2080,19g,2081,Castelluccia
2081,19g,2082,Castelluccia
2082,19g,2083,Castelluccia
2083,19g,2084,Castelluccia
2084,19g,2085,Castelluccia
2085,18e,2086,Casalotti di Boccea
2086,18e,2087,Casalotti di Boccea
2087,18f,2088,Boccea
2088,18e,2089,Casalotti di Boccea
2089,18f,2090,Boccea
2090,18e,2091,Casalotti di Boccea
2091,18e,2092,Casalotti di Boccea
2092,18e,2093,Casalotti di Boccea
2093,18e,2094,Casalotti di Boccea
2094,18f,2095,Boccea
2095,18f,2096,Boccea
2096,18f,2097,Boccea
2097,18f,2098,Boccea
2098,19g,2099,Castelluccia
2099,19g,2100,Castelluccia
2100,19g,2101,Castelluccia
2101,19g,2102,Castelluccia
2102,1a,2103,Centro Storico
2103,19d,2104,S. Maria della Pietà 
2104,1f,2105,XX Settembre
2105,1a,2106,Centro Storico
2106,1a,2107,Centro Storico
2107,1a,2108,Centro Storico
2108,1a,2109,Centro Storico
2109,8h,2110,S. Vittorino
2110,1a,2111,Centro Storico
2111,1a,2112,Centro Storico
2112,1a,2113,Centro Storico
2113,1a,2114,Centro Storico
2114,1a,2115,Centro Storico
2115,1a,2116,Centro Storico
2116,1a,2117,Centro Storico
2117,1a,2118,Centro Storico
2118,1a,2119,Centro Storico
2119,1a,2120,Centro Storico
2120,17a,2121,Prati
2121,17a,2122,Prati
2122,17a,2123,Prati
2123,17a,2124,Prati
2124,17a,2125,Prati
2125,17a,2126,Prati
2126,17a,2127,Prati
2127,17a,2128,Prati
2128,17a,2129,Prati
2129,17a,2130,Prati
2130,17a,2131,Prati
2131,17a,2132,Prati
2132,17a,2133,Prati
2133,17a,2134,Prati
2134,17a,2135,Prati
2135,2c,2136,Flaminio
2136,2c,2137,Flaminio
2137,2a,2138,Villaggio Olimpico
2138,2c,2139,Flaminio
2139,2c,2140,Flaminio
2140,2c,2141,Flaminio
2141,2c,2142,Flaminio
2142,2c,2143,Flaminio
2143,2c,2144,Flaminio
2144,2c,2145,Flaminio
2145,2c,2146,Flaminio
2146,2a,2147,Villaggio Olimpico
2147,2a,2148,Villaggio Olimpico
2148,2a,2149,Villaggio Olimpico
2149,2a,2150,Villaggio Olimpico
2150,2y,2151,Villa Ada
2151,2b,2152,Parioli
2152,2b,2153,Parioli
2153,2b,2154,Parioli
2154,2b,2155,Parioli
2155,2b,2156,Parioli
2156,2y,2157,Villa Ada
2157,2d,2158,Salario
2158,2d,2159,Salario
2159,2b,2160,Parioli
2160,2b,2161,Parioli
2161,2b,2162,Parioli
2162,2b,2163,Parioli
2163,2b,2164,Parioli
2164,2b,2165,Parioli
2165,2b,2166,Parioli
2166,2b,2167,Parioli
2167,2b,2168,Parioli
2168,2b,2169,Parioli
2169,2b,2170,Parioli
2170,2x,2171,Villa Borghese
2171,2d,2172,Salario
2172,2d,2173,Salario
2173,2d,2174,Salario
2174,2d,2175,Salario
2175,2d,2176,Salario
2176,2d,2177,Salario
2177,2d,2178,Salario
2178,2d,2179,Salario
2179,2d,2180,Salario
2180,2d,2181,Salario
2181,2d,2182,Salario
2182,17b,2183,Della Vittoria
2183,17b,2184,Della Vittoria
2184,13d,2185,Palocco
2185,17b,2186,Della Vittoria
2186,17b,2187,Della Vittoria
2187,13d,2188,Palocco
2188,17b,2189,Della Vittoria
2189,17b,2190,Della Vittoria
2190,17b,2191,Della Vittoria
2191,17b,2192,Della Vittoria
2192,17b,2193,Della Vittoria
2193,17b,2194,Della Vittoria
2194,17b,2195,Della Vittoria
2195,17b,2196,Della Vittoria
2196,17b,2197,Della Vittoria
2197,17b,2198,Della Vittoria
2198,17b,2199,Della Vittoria
2199,17b,2200,Della Vittoria
2200,17b,2201,Della Vittoria
2201,17b,2202,Della Vittoria
2202,17b,2203,Della Vittoria
2203,17b,2204,Della Vittoria
2204,17b,2205,Della Vittoria
2205,17b,2206,Della Vittoria
2206,17b,2207,Della Vittoria
2207,17b,2208,Della Vittoria
2208,17b,2209,Della Vittoria
2209,17b,2210,Della Vittoria
2210,17b,2211,Della Vittoria
2211,17b,2212,Della Vittoria
2212,17b,2213,Della Vittoria
2213,20x,2214,Foro Italico
2214,20d,2215,Farnesina
2215,20d,2216,Farnesina
2216,20d,2217,Farnesina
2217,20d,2218,Farnesina
2218,20d,2219,Farnesina
2219,20d,2220,Farnesina
2220,20d,2221,Farnesina
2221,20d,2222,Farnesina
2222,20d,2223,Farnesina
2223,20x,2224,Foro Italico
2224,20a,2225,Tor di Quinto
2225,20a,2226,Tor di Quinto
2226,20a,2227,Tor di Quinto
2227,20a,2228,Tor di Quinto
2228,20a,2229,Tor di Quinto
2229,20a,2230,Tor di Quinto
2230,20a,2231,Tor di Quinto
2231,20a,2232,Tor di Quinto
2232,20a,2233,Tor di Quinto
2233,20a,2234,Tor di Quinto
2234,20a,2235,Tor di Quinto
2235,19d,2236,S. Maria della Pietà 
2236,20a,2237,Tor di Quinto
2237,20a,2238,Tor di Quinto
2238,20e,2239,Grottarossa Ovest
2239,20d,2240,Farnesina
2240,20d,2241,Farnesina
2241,20d,2242,Farnesina
2242,20d,2243,Farnesina
2243,20d,2244,Farnesina
2244,20d,2245,Farnesina
2245,18b,2246,Val Cannuta
2246,18b,2247,Val Cannuta
2247,18b,2248,Val Cannuta
2248,18b,2249,Val Cannuta
2249,19b,2250,Primavalle
2250,19b,2251,Primavalle
2251,18b,2252,Val Cannuta
2252,19b,2253,Primavalle
2253,19b,2254,Primavalle
2254,19b,2255,Primavalle
2255,19b,2256,Primavalle
2256,13c,2257,Acilia Sud
2257,19b,2258,Primavalle
2258,18b,2259,Val Cannuta
2259,18b,2260,Val Cannuta
2260,18b,2261,Val Cannuta
2261,18b,2262,Val Cannuta
2262,18b,2263,Val Cannuta
2263,18b,2264,Val Cannuta
2264,18b,2265,Val Cannuta
2265,18b,2266,Val Cannuta
2266,18b,2267,Val Cannuta
2267,18b,2268,Val Cannuta
2268,18b,2269,Val Cannuta
2269,18b,2270,Val Cannuta
2270,19b,2271,Primavalle
2271,19b,2272,Primavalle
2272,19b,2273,Primavalle
2273,19b,2274,Primavalle
2274,19g,2275,Castelluccia
2275,15g,2276,Ponte Galeria
2276,19b,2277,Primavalle
2277,19b,2278,Primavalle
2278,19b,2279,Primavalle
2279,16f,2280,Pantano di Grano
2280,19b,2281,Primavalle
2281,19b,2282,Primavalle
2282,19b,2283,Primavalle
2283,19b,2284,Primavalle
2284,18f,2285,Boccea
2285,19b,2286,Primavalle
2286,19b,2287,Primavalle
2287,19b,2288,Primavalle
2288,19b,2289,Primavalle
2289,19b,2290,Primavalle
2290,18c,2291,Fogaccia
2291,18c,2292,Fogaccia
2292,18c,2293,Fogaccia
2293,18c,2294,Fogaccia
2294,19b,2295,Primavalle
2295,19b,2296,Primavalle
2296,19b,2297,Primavalle
2297,19b,2298,Primavalle
2298,19b,2299,Primavalle
2299,19b,2300,Primavalle
2300,5l,2301,Settecamini
2301,19b,2302,Primavalle
2302,19a,2303,Medaglie d' Oro
2303,19b,2304,Primavalle
2304,19b,2305,Primavalle
2305,19b,2306,Primavalle
2306,19b,2307,Primavalle
2307,19b,2308,Primavalle
2308,19b,2309,Primavalle
2309,19b,2310,Primavalle
2310,19b,2311,Primavalle
2311,19b,2312,Primavalle
2312,19b,2313,Primavalle
2313,19b,2314,Primavalle
2314,19b,2315,Primavalle
2315,19b,2316,Primavalle
2316,19b,2317,Primavalle
2317,19b,2318,Primavalle
2318,19b,2319,Primavalle
2319,19b,2320,Primavalle
2320,19b,2321,Primavalle
2321,19g,2322,Castelluccia
2322,19b,2323,Primavalle
2323,19b,2324,Primavalle
2324,19b,2325,Primavalle
2325,19d,2326,S. Maria della Pietà 
2326,19b,2327,Primavalle
2327,19b,2328,Primavalle
2328,19b,2329,Primavalle
2329,19b,2330,Primavalle
2330,19d,2331,S. Maria della Pietà 
2331,19b,2332,Primavalle
2332,19b,2333,Primavalle
2333,19b,2334,Primavalle
2334,19b,2335,Primavalle
2335,20c,2336,Tomba di Nerone
2336,20c,2337,Tomba di Nerone
2337,20e,2338,Grottarossa Ovest
2338,20e,2339,Grottarossa Ovest
2339,18c,2340,Fogaccia
2340,19d,2341,S. Maria della Pietà 
2341,18c,2342,Fogaccia
2342,18c,2343,Fogaccia
2343,18c,2344,Fogaccia
2344,18c,2345,Fogaccia
2345,18c,2346,Fogaccia
2346,19d,2347,S. Maria della Pietà 
2347,19d,2348,S. Maria della Pietà 
2348,19d,2349,S. Maria della Pietà 
2349,5i,2350,S. Alessandro
2350,19d,2351,S. Maria della Pietà 
2351,19c,2352,Ottavia
2352,20d,2353,Farnesina
2353,19a,2354,Medaglie d' Oro
2354,19a,2355,Medaglie d' Oro
2355,19a,2356,Medaglie d' Oro
2356,19a,2357,Medaglie d' Oro
2357,19a,2358,Medaglie d' Oro
2358,20b,2359,Acquatraversa
2359,20b,2360,Acquatraversa
2360,20b,2361,Acquatraversa
2361,20b,2362,Acquatraversa
2362,20b,2363,Acquatraversa
2363,20b,2364,Acquatraversa
2364,20b,2365,Acquatraversa
2365,19a,2366,Medaglie d' Oro
2366,19a,2367,Medaglie d' Oro
2367,19e,2368,Trionfale
2368,19e,2369,Trionfale
2369,19e,2370,Trionfale
2370,19e,2371,Trionfale
2371,19e,2372,Trionfale
2372,19e,2373,Trionfale
2373,19e,2374,Trionfale
2374,19e,2375,Trionfale
2375,19e,2376,Trionfale
2376,19e,2377,Trionfale
2377,19e,2378,Trionfale
2378,19e,2379,Trionfale
2379,19e,2380,Trionfale
2380,19e,2381,Trionfale
2381,19h,2382,S. Maria di Galeria
2382,19h,2383,S. Maria di Galeria
2383,19h,2384,S. Maria di Galeria
2384,19d,2385,S. Maria della Pietà 
2385,19d,2386,S. Maria della Pietà 
2386,19d,2387,S. Maria della Pietà 
2387,19d,2388,S. Maria della Pietà 
2388,19d,2389,S. Maria della Pietà 
2389,19d,2390,S. Maria della Pietà 
2390,19d,2391,S. Maria della Pietà 
2391,19d,2392,S. Maria della Pietà 
2392,19d,2393,S. Maria della Pietà 
2393,19c,2394,Ottavia
2394,19c,2395,Ottavia
2395,19d,2396,S. Maria della Pietà 
2396,19c,2397,Ottavia
2397,19c,2398,Ottavia
2398,19c,2399,Ottavia
2399,19c,2400,Ottavia
2400,19c,2401,Ottavia
2401,19g,2402,Castelluccia
2402,19g,2403,Castelluccia
2403,20g,2404,Giustiniana
2404,20i,2405,S. Cornelia
2405,20h,2406,La Storta
2406,20h,2407,La Storta
2407,20h,2408,La Storta
2408,20h,2409,La Storta
2409,20h,2410,La Storta
2410,20h,2411,La Storta
2411,20h,2412,La Storta
2412,20h,2413,La Storta
2413,20h,2414,La Storta
2414,20h,2415,La Storta
2415,20h,2416,La Storta
2416,20h,2417,La Storta
2417,20h,2418,La Storta
2418,20n,2419,Cesano
2419,20n,2420,Cesano
2420,20n,2421,Cesano
2421,20n,2422,Cesano
2422,20n,2423,Cesano
2423,20o,2424,Martignano
2424,20n,2425,Cesano
2425,20n,2426,Cesano
2426,19c,2427,Ottavia
2427,19c,2428,Ottavia
2428,19c,2429,Ottavia
2429,19c,2430,Ottavia
2430,19c,2431,Ottavia
2431,19c,2432,Ottavia
2432,19c,2433,Ottavia
2433,20c,2434,Tomba di Nerone
2434,20c,2435,Tomba di Nerone
2435,20c,2436,Tomba di Nerone
2436,20c,2437,Tomba di Nerone
2437,20c,2438,Tomba di Nerone
2438,20c,2439,Tomba di Nerone
2439,20c,2440,Tomba di Nerone
2440,20c,2441,Tomba di Nerone
2441,20c,2442,Tomba di Nerone
2442,20c,2443,Tomba di Nerone
2443,20c,2444,Tomba di Nerone
2444,20c,2445,Tomba di Nerone
2445,20c,2446,Tomba di Nerone
2446,20c,2447,Tomba di Nerone
2447,20c,2448,Tomba di Nerone
2448,20e,2449,Grottarossa Ovest
2449,20c,2450,Tomba di Nerone
2450,20c,2451,Tomba di Nerone
2451,20c,2452,Tomba di Nerone
2452,20c,2453,Tomba di Nerone
2453,20e,2454,Grottarossa Ovest
2454,20c,2455,Tomba di Nerone
2455,20e,2456,Grottarossa Ovest
2456,20c,2457,Tomba di Nerone
2457,20c,2458,Tomba di Nerone
2458,20c,2459,Tomba di Nerone
2459,20c,2460,Tomba di Nerone
2460,20c,2461,Tomba di Nerone
2461,19e,2462,Trionfale
2462,20c,2463,Tomba di Nerone
2463,20c,2464,Tomba di Nerone
2464,20g,2465,Giustiniana
2465,20g,2466,Giustiniana
2466,20g,2467,Giustiniana
2467,20g,2468,Giustiniana
2468,20g,2469,Giustiniana
2469,20g,2470,Giustiniana
2470,20i,2471,S. Cornelia
2471,20g,2472,Giustiniana
2472,20g,2473,Giustiniana
2473,20g,2474,Giustiniana
2474,20h,2475,La Storta
2475,20i,2476,S. Cornelia
2476,20h,2477,La Storta
2477,20e,2478,Grottarossa Ovest
2478,20e,2479,Grottarossa Ovest
2479,20m,2480,Labaro
2480,20m,2481,Labaro
2481,20i,2482,S. Cornelia
2482,20m,2483,Labaro
2483,20m,2484,Labaro
2484,20m,2485,Labaro
2485,20m,2486,Labaro
2486,20m,2487,Labaro
2487,20m,2488,Labaro
2488,20m,2489,Labaro
2489,20m,2490,Labaro
2490,20m,2491,Labaro
2491,20m,2492,Labaro
2492,20m,2493,Labaro
2493,20m,2494,Labaro
2494,20m,2495,Labaro
2495,20m,2496,Labaro
2496,20m,2497,Labaro
2497,20i,2498,S. Cornelia
2498,20l,2499,Prima Porta
2499,20m,2500,Labaro
2500,20m,2501,Labaro
2501,20m,2502,Labaro
2502,20l,2503,Prima Porta
2503,20i,2504,S. Cornelia
2504,20l,2505,Prima Porta
2505,20i,2506,S. Cornelia
2506,20l,2507,Prima Porta
2507,20m,2508,Labaro
2508,20i,2509,S. Cornelia
2509,8e,2510,Lunghezza
2510,12h,2511,Vallerano Castel di Leva
2511,11e,2512,Tormarancia
2512,12e,2513,Cecchignola
2513,12c,2514,Torrino
2514,13i,2515,Infernetto
2515,13a,2516,Malafede
2516,19d,2517,S. Maria della Pietà 
2517,1e,2518,Esquilino
2518,1e,2519,Esquilino
2519,5c,2520,Tiburtino Nord
2520,4e,2521,Serpentara
2521,4m,2522,Settebagni
2522,5i,2523,S. Alessandro
2523,7d,2524,La Rustica
2524,10a,2525,Don Bosco
2525,10f,2526,Osteria del Curato
2526,10i,2527,Barcaccia
2527,12h,2528,Vallerano Castel di Leva
2528,12h,2529,Vallerano Castel di Leva
2529,16d,2530,Gianicolense
2530,11g,2531,Grottaperfetta
2531,13a,2532,Malafede
2532,18c,2533,Fogaccia
2533,19c,2534,Ottavia
2534,3x,2535,Università 
2535,13e,2536,Ostia Antica
2536,11y,2537,Appia Antica Sud
2537,13e,2538,Ostia Antica
2538,4e,2539,Serpentara
2539,8d,2540,Acqua Vergine
2540,8e,2541,Lunghezza
2541,8e,2542,Lunghezza
2542,10l,2543,Morena
2543,10e,2544,Lucrezia Romana
2544,10e,2545,Lucrezia Romana
2545,12h,2546,Vallerano Castel di Leva
2546,18c,2547,Fogaccia
2547,13i,2548,Infernetto
2548,15e,2549,Magliana
2549,18f,2550,Boccea
2550,19d,2551,S. Maria della Pietà 
2551,13e,2552,Ostia Antica
2552,15e,2553,Magliana
2553,16e,2554,Massimina
2554,8e,2555,Lunghezza
2555,13b,2556,Acilia Nord
2556,8h,2557,S. Vittorino
2557,8e,2558,Lunghezza
2558,8e,2559,Lunghezza
2559,13i,2560,Infernetto
2560,12f,2561,Mezzocammino
2561,4e,2562,Serpentara
2562,4e,2563,Serpentara
2563,4f,2564,Casal Boccone
2564,10l,2565,Morena
2565,12h,2566,Vallerano Castel di Leva
2566,19g,2567,Castelluccia
2567,15f,2568,Corviale
2568,3x,2569,Università 
2569,3x,2570,Università 
2570,3x,2571,Università 
2571,5c,2572,Tiburtino Nord
2572,6b,2573,Casilino
2573,1g,2574,Celio
2574,1g,2575,Celio
2575,1a,2576,Centro Storico
2576,8c,2578,Giardinetti-Tor Vergata
2577,12h,2579,Vallerano Castel di Leva
2578,16a,2580,Colli Portuensi
2579,16a,2581,Colli Portuensi
2580,16a,2582,Colli Portuensi
2581,11g,2583,Grottaperfetta
2582,12a,2584,Eur
2583,12c,2585,Torrino
2584,18a,2586,Aurelio Sud
2585,19a,2587,Medaglie d' Oro
2586,19a,2588,Medaglie d' Oro
2587,19a,2589,Medaglie d' Oro
2588,19f,2590,Pineto
2589,13g,2591,Ostia Sud
2590,16b,2592,Buon Pastore
2591,15f,2593,Corviale
2592,18b,2595,Val Cannuta
2593,18b,2596,Val Cannuta
2594,15e,2597,Magliana
2595,20c,2598,Tomba di Nerone
2596,19c,2599,Ottavia
2597,20e,2600,Grottarossa Ovest
